{
  "HERef": [
    [
      0.5820015662284577,
      0.3207938226473146
    ],
    [
      0.699270215835433,
      0.787066999250521
    ],
    [
      0.40155134271264425,
      0.49418583281623063
    ]
  ],
  "maxCRef": [
    2.195777316720594,
    1.504741010366219
  ],
  "source": "ACTUAL TCGA diagnostic tiles"
}