{
  "temperature": 0.9216569662094116,
  "ece_before": 0.013812283166386415,
  "ece_after": 0.012130481160268679
}