{
  "cross_entropy": {
    "qwk": {
      "mean": 0.7277645932366607,
      "std": 0.06745553703118413
    },
    "mae": {
      "mean": 0.35462260155602965,
      "std": 0.0845708745077102
    },
    "f1_0": {
      "mean": 0.8768040652513456,
      "std": 0.03556031091393035
    },
    "f1_1": {
      "mean": 0.6194862943615767,
      "std": 0.11449466054026944
    },
    "f1_2": {
      "mean": 0.6707200832209589,
      "std": 0.046526829611487325
    },
    "f1_3": {
      "mean": 0.34110689485260876,
      "std": 0.19738874519920452
    }
  },
  "coral": {
    "qwk": {
      "mean": 0.7457985205504379,
      "std": 0.06930943151960009
    },
    "mae": {
      "mean": 0.3462197257299506,
      "std": 0.08006740925927132
    },
    "f1_0": {
      "mean": 0.8702819974043483,
      "std": 0.025708220614996852
    },
    "f1_1": {
      "mean": 0.5969740758098036,
      "std": 0.0595552603139847
    },
    "f1_2": {
      "mean": 0.6648351157003068,
      "std": 0.07214320340154108
    },
    "f1_3": {
      "mean": 0.5706006867055556,
      "std": 0.12026339255775643
    }
  },
  "soft_qwk": {
    "qwk": {
      "mean": 0.7183644226269333,
      "std": 0.05602883675954269
    },
    "mae": {
      "mean": 0.3753753645620925,
      "std": 0.06484082567625515
    },
    "f1_0": {
      "mean": 0.8419982060673602,
      "std": 0.02268507714483265
    },
    "f1_1": {
      "mean": 0.5903729080732774,
      "std": 0.06615497083330484
    },
    "f1_2": {
      "mean": 0.6596925233844902,
      "std": 0.05498289128726911
    },
    "f1_3": {
      "mean": 0.3400675609012305,
      "std": 0.23141089047720156
    }
  }
}