{
  "qwk": -0.008234217749313766,
  "n_slides": 29,
  "f1_0": 0.0,
  "f1_1": 0.47058823529411764,
  "f1_2": 0.0,
  "f1_3": 0.0
}